dc:	http://purl.org/dc/elements/1.1/
dcat:	http://www.w3.org/ns/dcat#
dcterms:	http://purl.org/dc/terms/
faldo:	http://biohackathon.org/resource/faldo#
foaf:	http://xmlns.com/foaf/0.1/
idot:	http://identifiers.org/
oa:	http://www.w3.org/ns/oa#
owl:	http://www.w3.org/2002/07/owl#
prov:	http://www.w3.org/ns/prov#
rdf:	http://www.w3.org/1999/02/22-rdf-syntax-ns#
rdfs:	http://www.w3.org/2000/01/rdf-schema#
void:	http://rdfs.org/ns/void#
xsd:	http://www.w3.org/2001/XMLSchema#
oboinowl:	http://www.geneontology.org/formats/oboInOwl#
pharmgkb.disease:	http://identifiers.org/pharmgkb.disease/
orthodb:	http://identifiers.org/orthodb/
biosample:	http://identifiers.org/biosample/
giardiadb:	http://identifiers.org/giardiadb/
pmdb:	http://identifiers.org/pmdb/
rfam:	http://identifiers.org/rfam/
plasmodb:	http://identifiers.org/plasmodb/
piroplasma:	http://identifiers.org/piroplasma/
peroxibase:	http://identifiers.org/peroxibase/
2d-page.protein:	http://identifiers.org/2d-page.protein/
epd:	http://identifiers.org/epd/
asin:	http://identifiers.org/asin/
unite:	http://identifiers.org/unite/
phylomedb:	http://identifiers.org/phylomedb/
ga4ghdos:	http://identifiers.org/ga4ghdos/
ncim:	http://identifiers.org/ncim/
pmap.substratedb:	http://identifiers.org/pmap.substratedb/
pmap.cutdb:	http://identifiers.org/pmap.cutdb/
tritrypdb:	http://identifiers.org/tritrypdb/
proglyc:	http://identifiers.org/proglyc/
pdb-ccd:	http://identifiers.org/pdb-ccd/
pass2:	http://identifiers.org/pass2/
biocyc:	http://identifiers.org/biocyc/
tol:	http://identifiers.org/tol/
trichdb:	http://identifiers.org/trichdb/
polbase:	http://identifiers.org/polbase/
cazy:	http://identifiers.org/cazy/
iceberg.element:	http://identifiers.org/iceberg.element/
bugbase.expt:	http://identifiers.org/bugbase.expt/
nuclearbd:	http://identifiers.org/nuclearbd/
toxoplasma:	http://identifiers.org/toxoplasma/
kegg.orthology:	http://identifiers.org/kegg.orthology/
rgd:	http://rgd.mcw.edu/rgdweb/report/gene/main.html?id=
vipr:	http://identifiers.org/vipr/
supfam:	http://identifiers.org/supfam/
agd:	http://identifiers.org/agd/
orphanet:	http://identifiers.org/orphanet/
microsporidia:	http://identifiers.org/microsporidia/
lipidbank:	http://identifiers.org/lipidbank/
tair.gene:	http://identifiers.org/tair.gene/
tair.protein:	http://identifiers.org/tair.protein/
glycomedb:	http://identifiers.org/glycomedb/
ricegap:	http://identifiers.org/ricegap/
arachnoserver:	http://identifiers.org/arachnoserver/
biomodels.vocabulary:	http://identifiers.org/biomodels.vocabulary/
licebase:	http://identifiers.org/licebase/
pina:	http://identifiers.org/pina/
compulyeast:	http://identifiers.org/compulyeast/
stap:	http://identifiers.org/stap/
sdbs:	http://identifiers.org/sdbs/
smart:	http://identifiers.org/smart/
funcbase.mouse:	http://identifiers.org/funcbase.mouse/
px:	http://identifiers.org/px/
disprot:	http://identifiers.org/disprot/
sugarbind:	http://identifiers.org/sugarbind/
ideal:	http://identifiers.org/ideal/
prodom:	http://identifiers.org/prodom/
funcbase.yeast:	http://identifiers.org/funcbase.yeast/
antibodyregistry:	http://identifiers.org/antibodyregistry/
crisprdb:	http://identifiers.org/crisprdb/
goa:	http://identifiers.org/goa/
ydpm:	http://identifiers.org/ydpm/
pride.project:	http://identifiers.org/pride.project/
funcat:	http://identifiers.org/funcat/
gnpis:	http://identifiers.org/gnpis/
paleodb:	http://identifiers.org/paleodb/
cdd:	http://identifiers.org/cdd/
wb.rnai:	http://identifiers.org/wb.rnai/
stitch:	http://identifiers.org/stitch/
sisu:	http://identifiers.org/sisu/
protclustdb:	http://identifiers.org/protclustdb/
string:	http://identifiers.org/string/
mzspec:	http://identifiers.org/mzspec/
pmp:	http://identifiers.org/pmp/
yid:	http://identifiers.org/yid/
phenolexplorer:	http://identifiers.org/phenolexplorer/
protonet.proteincard:	http://identifiers.org/protonet.proteincard/
begdb:	http://identifiers.org/begdb/
funcbase.fly:	http://identifiers.org/funcbase.fly/
snomedct:	http://identifiers.org/snomedct/
idot:	http://identifiers.org/idot/
atcvet:	http://identifiers.org/atcvet/
cameo:	http://identifiers.org/cameo/
protonet.cluster:	http://identifiers.org/protonet.cluster/
funcbase.human:	http://identifiers.org/funcbase.human/
mmrrc:	https://www.mmrrc.org/catalog/sds.php?mmrrc_id=
cldb:	http://identifiers.org/cldb/
validatordb:	http://identifiers.org/validatordb/
cabri:	http://identifiers.org/cabri/
genecards:	http://identifiers.org/genecards/
microscope:	http://identifiers.org/microscope/
swissregulon:	http://identifiers.org/swissregulon/
efo:	http://purl.obolibrary.org/obo/EFO_
cygd:	http://identifiers.org/cygd/
metlin:	http://identifiers.org/metlin/
umbbd.enzyme:	http://identifiers.org/umbbd.enzyme/
rnacentral:	http://identifiers.org/rnacentral/
hgmd:	http://www.hgmd.cf.ac.uk/ac/gene.php?gene=
huge:	http://identifiers.org/huge/
umbbd.reaction:	http://identifiers.org/umbbd.reaction/
aphidbase.transcript:	http://identifiers.org/aphidbase.transcript/
bindingdb:	http://identifiers.org/bindingDB/
pharmgkb.pathways:	http://identifiers.org/pharmgkb.pathways/
hgnc.family:	http://identifiers.org/hgnc.family/
iuphar.ligand:	http://identifiers.org/iuphar.ligand/
umbbd.rule:	http://identifiers.org/umbbd.rule/
affy.probeset:	http://identifiers.org/affy.probeset/
emdb:	http://identifiers.org/emdb/
icd:	http://identifiers.org/icd/
yeastintron:	http://identifiers.org/yeastintron/
umbbd.pathway:	http://identifiers.org/umbbd.pathway/
datf:	http://identifiers.org/datf/
dbd:	http://identifiers.org/dbd/
treefam:	http://identifiers.org/treefam/
mesh:	http://purl.obolibrary.org/obo/MESH_
ardb:	http://identifiers.org/ardb/
miriam.collection:	http://identifiers.org/miriam.collection/
lgic:	http://identifiers.org/lgic/
yrcpdr:	http://identifiers.org/yrcpdr/
caps:	http://identifiers.org/caps/
meddra:	http://purl.bioontology.org/ontology/MEDDRA/
pathema:	http://identifiers.org/pathema/
atc:	http://identifiers.org/atc/
molbase:	http://identifiers.org/molbase/
mirex:	http://identifiers.org/mirex/
mirtarbase:	http://identifiers.org/mirtarbase/
cubedb:	http://identifiers.org/cubedb/
proteomicsdb.protein:	http://identifiers.org/proteomicsdb.protein/
zfin.expression:	http://identifiers.org/zfin.expression/
dbest:	http://identifiers.org/dbest/
aspgd.locus:	http://identifiers.org/aspgd.locus/
uniprot:	http://identifiers.org/uniprot/
dashr.expression:	http://identifiers.org/dashr.expression/
rgd.strain:	http://identifiers.org/rgd.strain/
splash:	http://identifiers.org/splash/
aftol.taxonomy:	http://identifiers.org/aftol.taxonomy/
ec-code:	http://identifiers.org/ec-code/
bold.taxonomy:	http://identifiers.org/bold.taxonomy/
chembl.target:	http://identifiers.org/chembl.target/
aspgd.protein:	http://identifiers.org/aspgd.protein/
dashr:	http://identifiers.org/dashr/
signaling-gateway:	http://identifiers.org/signaling-gateway/
rgd.qtl:	http://identifiers.org/rgd.qtl/
ensembl:	http://ensembl.org/id/
sabiork.kineticrecord:	http://identifiers.org/sabiork.kineticrecord/
drugbank.target:	http://identifiers.org/drugbank.target/
biomodels.db:	http://identifiers.org/biomodels.db/
dip:	http://identifiers.org/dip/
degradome:	http://identifiers.org/degradome/
metanetx.reaction:	http://identifiers.org/metanetx.reaction/
unipathway:	http://identifiers.org/unipathway/
bdgp.insertion:	http://identifiers.org/bdgp.insertion/
taxonomy:	http://identifiers.org/taxonomy/
autdb:	http://identifiers.org/autdb/
ipi:	http://identifiers.org/ipi/
door:	http://identifiers.org/door/
metanetx.chemical:	http://identifiers.org/metanetx.chemical/
chembl.compound:	http://identifiers.org/chembl.compound/
beetlebase:	http://identifiers.org/beetlebase/
mint:	http://identifiers.org/mint/
uniparc:	http://identifiers.org/uniparc/
rhea:	http://identifiers.org/rhea/
metanetx.compartment:	http://identifiers.org/metanetx.compartment/
spike.map:	http://identifiers.org/spike.map/
go.ref:	http://identifiers.org/go.ref/
tcdb:	http://identifiers.org/tcdb/
vbase2:	http://identifiers.org/vbase2/
bind:	http://identifiers.org/bind/
fbol:	http://identifiers.org/fbol/
hgnc:	http://www.genenames.org/cgi-bin/gene_symbol_report?hgnc_id=
fairsharing:	http://identifiers.org/fairsharing/
mirbase.mature:	http://identifiers.org/mirbase.mature/
dbsnp:	http://identifiers.org/dbsnp/
irefweb:	http://identifiers.org/irefweb/
nextprot:	http://identifiers.org/nextprot/
fungidb:	http://identifiers.org/fungidb/
intact:	http://identifiers.org/intact/
dbprobe:	http://identifiers.org/dbprobe/
oci:	http://identifiers.org/oci/
imex:	http://identifiers.org/imex/
cas:	http://identifiers.org/cas/
hgnc.symbol:	http://identifiers.org/hgnc.symbol/
ecogene:	http://identifiers.org/ecogene/
wikidata:	http://identifiers.org/wikidata/
mmdb:	http://identifiers.org/mmdb/
cco:	http://identifiers.org/cco/
panther.pathway:	http://identifiers.org/panther.pathway/
unists:	http://identifiers.org/unists/
ncbigi:	http://identifiers.org/ncbigi/
sabiork.ec:	http://identifiers.org/sabiork.ec/
greengenes:	http://identifiers.org/greengenes/
swiss-model:	http://identifiers.org/swiss-model/
oridb.sacch:	http://identifiers.org/oridb.sacch/
merops:	http://identifiers.org/merops/
ngl:	http://identifiers.org/ngl/
gabi:	http://identifiers.org/gabi/
vectorbase:	http://identifiers.org/vectorbase/
erv:	http://identifiers.org/erv/
neurolex:	http://identifiers.org/neurolex/
hinv.locus:	http://identifiers.org/hinv.locus/
darc:	http://identifiers.org/darc/
phosphosite.residue:	http://identifiers.org/phosphosite.residue/
grin.taxonomy:	http://identifiers.org/grin.taxonomy/
rebase:	http://identifiers.org/rebase/
drsc:	http://identifiers.org/drsc/
oridb.schizo:	http://identifiers.org/oridb.schizo/
mpid:	http://identifiers.org/mpid/
cattleqtldb:	http://identifiers.org/cattleqtldb/
mmp.db:	http://identifiers.org/mmp.db/
glycoepitope:	http://identifiers.org/glycoepitope/
ligandbox:	http://identifiers.org/ligandbox/
ricenetdb.mirna:	http://identifiers.org/ricenetdb.miRNA/
sciencesignaling.pic:	http://identifiers.org/sciencesignaling.pic/
mmp.cat:	http://identifiers.org/mmp.cat/
jcggdb:	http://identifiers.org/jcggdb/
topdb:	http://identifiers.org/topdb/
oclc:	http://identifiers.org/oclc/
biotools:	http://identifiers.org/biotools/
p3db.site:	http://identifiers.org/p3db.site/
kegg.disease:	http://identifiers.org/kegg.disease/
ricenetdb.compound:	http://identifiers.org/ricenetdb.compound/
p3db.protein:	http://identifiers.org/p3db.protein/
aop:	http://identifiers.org/aop/
medlineplus:	http://identifiers.org/medlineplus/
rnamods:	http://identifiers.org/rnamods/
opb:	http://identifiers.org/opb/
ricenetdb.reaction:	http://identifiers.org/ricenetdb.reaction/
metacyc.reaction:	http://identifiers.org/metacyc.reaction/
gtex:	http://identifiers.org/gtex/
gramene.growthstage:	http://identifiers.org/gramene.growthstage/
mesh.2013:	http://identifiers.org/mesh.2013/
d1id:	http://identifiers.org/d1id/
sheepqtldb:	http://identifiers.org/sheepqtldb/
ricenetdb.gene:	http://identifiers.org/ricenetdb.gene/
chemdb:	http://identifiers.org/chemdb/
ricenetdb.protein:	http://identifiers.org/ricenetdb.protein/
kegg.module:	http://identifiers.org/kegg.module/
pigqtldb:	http://identifiers.org/pigqtldb/
kegg.genome:	http://identifiers.org/kegg.genome/
cath:	http://identifiers.org/cath/
apd:	http://identifiers.org/apd/
vfdb.genus:	http://identifiers.org/vfdb.genus/
chickenqtldb:	http://identifiers.org/chickenqtldb/
mmp.ref:	http://identifiers.org/mmp.ref/
kegg.metagenome:	http://identifiers.org/kegg.metagenome/
encode:	http://identifiers.org/encode/
abs:	http://identifiers.org/abs/
vfdb.gene:	http://identifiers.org/vfdb.gene/
iceberg.family:	http://identifiers.org/iceberg.family/
cmr.gene:	http://identifiers.org/cmr.gene/
homologene:	http://www.ncbi.nlm.nih.gov/homologene/
tgd:	http://identifiers.org/tgd/
umbbd.compound:	http://identifiers.org/umbbd.compound/
treebase:	http://identifiers.org/treebase/
napdi:	http://identifiers.org/napdi/
viralzone:	http://identifiers.org/viralzone/
massbank:	http://identifiers.org/massbank/
sciencesignaling.path:	http://identifiers.org/sciencesignaling.path/
arraymap:	http://identifiers.org/arraymap/
tair.locus:	http://identifiers.org/tair.locus/
vbrc:	http://identifiers.org/vbrc/
gmd:	http://identifiers.org/gmd/
sciencesignaling.pdc:	http://identifiers.org/sciencesignaling.pdc/
unimod:	http://identifiers.org/unimod/
dbg2introns:	http://identifiers.org/dbg2introns/
ctd.disease:	http://identifiers.org/ctd.disease/
ebimetagenomics.samp:	http://identifiers.org/ebimetagenomics.samp/
knapsack:	http://identifiers.org/knapsack/
ega.study:	http://identifiers.org/ega.study/
unipathway.compound:	http://identifiers.org/unipathway.compound/
iuphar.family:	http://identifiers.org/iuphar.family/
ega.dataset:	http://identifiers.org/ega.dataset/
swisslipid:	http://identifiers.org/swisslipid/
cdpd:	http://identifiers.org/cdpd/
atfdb.family:	http://identifiers.org/atfdb.family/
rbk:	http://identifiers.org/rbk/
jstor:	http://identifiers.org/jstor/
tigrfam:	http://identifiers.org/tigrfam/
comptox:	http://identifiers.org/comptox/
mesh.2012:	http://identifiers.org/mesh.2012/
genprop:	http://identifiers.org/genprop/
ecoliwiki:	http://identifiers.org/ecoliwiki/
doi:	http://dx.doi.org/
gold.meta:	http://identifiers.org/gold.meta/
hinv.transcript:	http://identifiers.org/hinv.transcript/
bigg.metabolite:	http://identifiers.org/bigg.metabolite/
neuromorpho:	http://identifiers.org/neuromorpho/
bigg.model:	http://identifiers.org/bigg.model/
cogs.function:	http://identifiers.org/cogs.function/
bugbase.protocol:	http://identifiers.org/bugbase.protocol/
reactome:	http://identifiers.org/reactome/
chemidplus:	http://identifiers.org/chemidplus/
hinv.protein:	http://identifiers.org/hinv.protein/
bigg.compartment:	http://identifiers.org/bigg.compartment/
biogrid:	http://thebiogrid.org/
seed.compound:	http://identifiers.org/seed.compound/
corum:	http://identifiers.org/corum/
pirsf:	http://identifiers.org/pirsf/
biosystems:	http://identifiers.org/biosystems/
sgd.pathways:	http://identifiers.org/sgd.pathways/
seed:	http://identifiers.org/seed/
gold.genome:	http://identifiers.org/gold.genome/
mim:	http://identifiers.org/mim/
pocketome:	http://identifiers.org/pocketome/
pubmed:	http://identifiers.org/pubmed/
ctd.chemical:	http://identifiers.org/ctd.chemical/
lipidmaps:	http://identifiers.org/lipidmaps/
pharmgkb.drug:	http://identifiers.org/pharmgkb.drug/
bacmap.biog:	http://identifiers.org/bacmap.biog/
kegg.reaction:	http://identifiers.org/kegg.reaction/
hmdb:	http://www.hmdb.ca/metabolites/
ttd.drug:	http://identifiers.org/ttd.drug/
umls:	http://linkedlifedata.com/resource/umls/id/
tissuelist:	http://identifiers.org/tissuelist/
kegg.compound:	http://identifiers.org/kegg.compound/
ttd.target:	http://identifiers.org/ttd.target/
rrid:	http://identifiers.org/rrid/
kegg.pathway:	http://identifiers.org/kegg.pathway/
peptideatlas:	http://identifiers.org/peptideatlas/
neurondb:	http://identifiers.org/neurondb/
bigg.reaction:	http://identifiers.org/bigg.reaction/
interpro:	http://identifiers.org/interpro/
kegg.drug:	http://identifiers.org/kegg.drug/
glytoucan:	http://identifiers.org/glytoucan/
dictybase.est:	http://identifiers.org/dictybase.est/
nbrc:	http://identifiers.org/nbrc/
chemspider:	http://identifiers.org/chemspider/
metacyc.compound:	http://identifiers.org/metacyc.compound/
kegg.glycan:	http://identifiers.org/kegg.glycan/
mycobank:	http://identifiers.org/mycobank/
imgt.hla:	http://identifiers.org/imgt.hla/
wb:	http://identifiers.org/wb/
clinicaltrials:	http://identifiers.org/clinicaltrials/
sgd:	https://www.yeastgenome.org/locus/
insdc.cds:	http://identifiers.org/insdc.cds/
flystock:	http://identifiers.org/flystock/
maizegdb.locus:	http://identifiers.org/maizegdb.locus/
insdc.gca:	http://identifiers.org/insdc.gca/
opm:	http://identifiers.org/opm/
img.gene:	http://identifiers.org/img.gene/
pid.pathway:	http://identifiers.org/pid.pathway/
dpv:	http://identifiers.org/dpv/
img.taxon:	http://identifiers.org/img.taxon/
subtiwiki:	http://identifiers.org/subtiwiki/
jcm:	http://identifiers.org/jcm/
doqcs.pathway:	http://identifiers.org/doqcs.pathway/
pfam:	http://identifiers.org/pfam/
isfinder:	http://identifiers.org/isfinder/
doqcs.model:	http://identifiers.org/doqcs.model/
ird.segment:	http://identifiers.org/ird.segment/
insdc:	http://identifiers.org/insdc/
echobase:	http://identifiers.org/echobase/
oryzabase.mutant:	http://identifiers.org/oryzabase.mutant/
eggnog:	http://identifiers.org/eggnog/
atcc:	http://identifiers.org/atcc/
homd.taxon:	http://identifiers.org/homd.taxon/
odor:	http://identifiers.org/odor/
depod:	http://identifiers.org/depod/
yetfasco:	http://identifiers.org/yetfasco/
pgx:	http://identifiers.org/pgx/
ensembl.bacteria:	http://identifiers.org/ensembl.bacteria/
oryzabase.strain:	http://identifiers.org/oryzabase.strain/
asap:	http://identifiers.org/asap/
gxa.expt:	http://identifiers.org/gxa.expt/
homd.seq:	http://identifiers.org/homd.seq/
cst:	http://identifiers.org/cst/
massive:	http://identifiers.org/massive/
gxa.gene:	http://identifiers.org/gxa.gene/
jcsd:	http://identifiers.org/jcsd/
ensembl.protist:	http://identifiers.org/ensembl.protist/
cosmic:	http://cancer.sanger.ac.uk/cosmic/mutation/overview?id=
oryzabase.stage:	http://identifiers.org/oryzabase.stage/
aceview.worm:	http://identifiers.org/aceview.worm/
fplx:	http://identifiers.org/fplx/
scretf:	http://identifiers.org/scretf/
ensembl.metazoa:	http://identifiers.org/ensembl.metazoa/
otl:	http://identifiers.org/otl/
iuphar.receptor:	http://identifiers.org/iuphar.receptor/
insdc.sra:	http://identifiers.org/insdc.sra/
aop.events:	http://identifiers.org/aop.events/
ensembl.plant:	http://identifiers.org/ensembl.plant/
napp:	http://identifiers.org/napp/
aop.stressor:	http://identifiers.org/aop.stressor/
worfdb:	http://identifiers.org/worfdb/
genewiki:	http://identifiers.org/genewiki/
allergome:	http://identifiers.org/allergome/
pombase:	http://identifiers.org/pombase/
gdc:	http://identifiers.org/gdc/
ensembl.fungi:	http://identifiers.org/ensembl.fungi/
uspto:	http://identifiers.org/uspto/
mirnest:	http://identifiers.org/mirnest/
aop.relationships:	http://identifiers.org/aop.relationships/
ccds:	http://www.ncbi.nlm.nih.gov/CCDS/CcdsBrowse.cgi?REQUEST=CCDS&DATA=
swh:	http://identifiers.org/swh/
imgt.ligm:	http://identifiers.org/imgt.ligm/
paxdb.organism:	http://identifiers.org/paxdb.organism/
paxdb.protein:	http://identifiers.org/paxdb.protein/
hcvdb:	http://identifiers.org/hcvdb/
hpa:	http://identifiers.org/hpa/
google.patent:	http://identifiers.org/google.patent/
panther.node:	http://identifiers.org/panther.node/
pharmgkb.gene:	http://identifiers.org/pharmgkb.gene/
virsirna:	http://identifiers.org/virsirna/
dev.ga4ghdos:	http://identifiers.org/dev.ga4ghdos/
dictybase.gene:	http://identifiers.org/dictybase.gene/
dbgap:	http://identifiers.org/dbgap/
genatlas:	http://identifiers.org/genatlas/
jaxmice:	http://identifiers.org/jaxmice/
hprd:	http://www.hprd.org/protein/
noncodev3:	http://identifiers.org/noncodev3/
complexportal:	http://identifiers.org/complexportal/
bdgp.est:	http://identifiers.org/bdgp.est/
cpc:	http://identifiers.org/cpc/
ubio.namebank:	http://identifiers.org/ubio.namebank/
cath.superfamily:	http://identifiers.org/cath.superfamily/
lrg:	http://identifiers.org/lrg/
ecyano.entity:	http://identifiers.org/ecyano.entity/
phytozome.locus:	http://identifiers.org/phytozome.locus/
clinvar:	http://identifiers.org/clinvar/
pscdb:	http://identifiers.org/pscdb/
lincs.protein:	http://identifiers.org/lincs.protein/
pride:	http://identifiers.org/pride/
nasc:	http://identifiers.org/nasc/
mw.project:	http://identifiers.org/mw.project/
multicellds.cell_line:	http://identifiers.org/multicellds.cell_line/
ndc:	http://identifiers.org/ndc/
bao:	http://identifiers.org/bao/
scop:	http://identifiers.org/scop/
lincs.smallmolecule:	http://identifiers.org/lincs.smallmolecule/
3dmet:	http://identifiers.org/3dmet/
mw.study:	http://identifiers.org/mw.study/
cellosaurus:	http://identifiers.org/cellosaurus/
ena.embl:	http://identifiers.org/ena.embl/
ecyano.rule:	http://identifiers.org/ecyano.rule/
exac.transcript:	http://identifiers.org/exac.transcript/
aclame:	http://identifiers.org/aclame/
nextdb:	http://identifiers.org/nextdb/
gpmdb:	http://identifiers.org/gpmdb/
sider.drug:	http://identifiers.org/sider.drug/
pazar:	http://identifiers.org/pazar/
lincs.data:	http://identifiers.org/lincs.data/
mir:	http://identifiers.org/mir/
dommino:	http://identifiers.org/dommino/
subtilist:	http://identifiers.org/subtilist/
ecyano.model:	http://identifiers.org/ecyano.model/
exac.gene:	http://identifiers.org/exac.gene/
isbn:	https://monarchinitiative.org/ISBN_
mex:	http://identifiers.org/mex/
dailymed:	http://identifiers.org/dailymed/
niaest:	http://identifiers.org/niaest/
ark:	http://identifiers.org/ark/
worms:	http://identifiers.org/worms/
noncodev4.gene:	http://identifiers.org/noncodev4.gene/
wikigenes:	http://identifiers.org/wikigenes/
gwascentral.study:	http://identifiers.org/gwascentral.study/
ncbigene:	http://identifiers.org/ncbigene/
grid:	http://identifiers.org/grid/
sider.effect:	http://identifiers.org/sider.effect/
exac.variant:	http://identifiers.org/exac.variant/
multicellds.snapshot:	http://identifiers.org/multicellds.snapshot/
issn:	http://identifiers.org/issn/
medgen:	http://identifiers.org/medgen/
coriell:	http://identifiers.org/coriell/
merops.family:	http://identifiers.org/merops.family/
oryzabase.gene:	http://identifiers.org/oryzabase.gene/
gwascentral.marker:	http://identifiers.org/gwascentral.marker/
lincs.cell:	http://identifiers.org/lincs.cell/
clinvar.submission:	http://identifiers.org/clinvar.submission/
dragondb.allele:	http://identifiers.org/dragondb.allele/
multicellds.collection:	http://identifiers.org/multicellds.collection/
narcis:	http://identifiers.org/narcis/
broad:	http://identifiers.org/broad/
noncodev4.rna:	http://identifiers.org/noncodev4.rna/
gwascentral.phenotype:	http://identifiers.org/gwascentral.phenotype/
matrixdb.association:	http://identifiers.org/matrixdb.association/
jws:	http://identifiers.org/jws/
modeldb:	http://identifiers.org/modeldb/
prints:	http://identifiers.org/prints/
ligandexpo:	http://identifiers.org/ligandexpo/
agricola:	http://identifiers.org/agricola/
clustr:	http://identifiers.org/clustr/
pdb:	http://www.ebi.ac.uk/pdbsum/
cst.ab:	http://identifiers.org/cst.ab/
panther.family:	http://identifiers.org/panther.family/
arxiv:	http://identifiers.org/arxiv/
ncbiprotein:	http://identifiers.org/ncbiprotein/
edam:	http://identifiers.org/edam/
unigene:	http://identifiers.org/unigene/
arrayexpress:	http://identifiers.org/arrayexpress/
genpept:	http://identifiers.org/genpept/
miriam.resource:	http://identifiers.org/miriam.resource/
psimi:	http://identifiers.org/psimi/
mgi:	http://www.informatics.jax.org/accession/MGI:
sabiork.reaction:	http://identifiers.org/sabiork.reaction/
oma.protein:	http://identifiers.org/oma.protein/
refseq:	http://identifiers.org/refseq/
cryptodb:	http://identifiers.org/cryptodb/
oma.grp:	http://identifiers.org/oma.grp/
pmc:	http://identifiers.org/pmc/
biomodels.teddy:	http://identifiers.org/biomodels.teddy/
sgn:	http://identifiers.org/sgn/
tarbase:	http://identifiers.org/tarbase/
genefarm:	http://identifiers.org/genefarm/
amoebadb:	http://identifiers.org/amoebadb/
pgn:	http://identifiers.org/pgn/
antweb:	http://identifiers.org/antweb/
biomodels.kisao:	http://identifiers.org/biomodels.kisao/
gramene.qtl:	http://identifiers.org/gramene.qtl/
gpcrdb:	http://identifiers.org/gpcrdb/
charprot:	http://identifiers.org/charprot/
cgd:	http://identifiers.org/cgd/
phosphosite.protein:	http://identifiers.org/phosphosite.protein/
bioportal:	http://identifiers.org/bioportal/
hamap:	http://identifiers.org/hamap/
csa:	http://identifiers.org/csa/
genedb:	http://identifiers.org/genedb/
cath.domain:	http://identifiers.org/cath.domain/
xenbase:	http://identifiers.org/xenbase/
soybase:	http://identifiers.org/soybase/
bgee.gene:	http://identifiers.org/bgee.gene/
gramene.protein:	http://identifiers.org/gramene.protein/
arrayexpress.platform:	http://identifiers.org/arrayexpress.platform/
hdr:	http://identifiers.org/hdr/
drugbank:	http://identifiers.org/drugbank/
myco.tuber:	http://identifiers.org/myco.tuber/
mipmod:	http://identifiers.org/mipmod/
bgee.stage:	http://identifiers.org/bgee.stage/
pseudomonas:	http://identifiers.org/pseudomonas/
rouge:	http://identifiers.org/rouge/
norine:	http://identifiers.org/norine/
t3db:	http://identifiers.org/t3db/
smpdb:	http://smpdb.ca/view/
myco.lepra:	http://identifiers.org/myco.lepra/
vmhreaction:	http://identifiers.org/vmhreaction/
topfind:	http://identifiers.org/topfind/
gramene.taxonomy:	http://identifiers.org/gramene.taxonomy/
bacmap.map:	http://identifiers.org/bacmap.map/
ctd.gene:	http://identifiers.org/ctd.gene/
hogenom:	http://identifiers.org/hogenom/
grsdb:	http://identifiers.org/grsdb/
cogs:	http://identifiers.org/cogs/
genetree:	http://identifiers.org/genetree/
conoserver:	http://identifiers.org/conoserver/
gramene.gene:	http://identifiers.org/gramene.gene/
bgee.family:	http://identifiers.org/bgee.family/
bionumbers:	http://identifiers.org/bionumbers/
cgsc:	http://identifiers.org/cgsc/
fsnp:	http://identifiers.org/fsnp/
hssp:	http://identifiers.org/hssp/
zinc:	http://identifiers.org/zinc/
bykdb:	http://identifiers.org/bykdb/
dragondb.protein:	http://identifiers.org/dragondb.protein/
eu89h:	http://identifiers.org/eu89h/
kegg.environ:	http://identifiers.org/kegg.environ/
drugbankv4.target:	http://identifiers.org/drugbankv4.target/
bioproject:	http://identifiers.org/bioproject/
dragondb.dna:	http://identifiers.org/dragondb.dna/
minid:	http://identifiers.org/minid/
uniprot.isoform:	http://identifiers.org/uniprot.isoform/
hpm.peptide:	http://identifiers.org/hpm.peptide/
ordb:	http://identifiers.org/ordb/
zfin.phenotype:	http://identifiers.org/zfin.phenotype/
ascl:	http://identifiers.org/ascl/
inchikey:	http://identifiers.org/inchikey/
bitterdb.rec:	http://identifiers.org/bitterdb.rec/
myco.marinum:	http://identifiers.org/myco.marinum/
hpm.protein:	http://identifiers.org/hpm.protein/
dragondb.locus:	http://identifiers.org/dragondb.locus/
combine.specifications:	http://identifiers.org/combine.specifications/
gudmap:	http://identifiers.org/gudmap/
cellimage:	http://identifiers.org/cellimage/
facebase:	http://identifiers.org/facebase/
phosphopoint.protein:	http://identifiers.org/phosphopoint.protein/
myco.smeg:	http://identifiers.org/myco.smeg/
bitterdb.cpd:	http://identifiers.org/bitterdb.cpd/
proteomicsdb.peptide:	http://identifiers.org/proteomicsdb.peptide/
ebimetagenomics.proj:	http://identifiers.org/ebimetagenomics.proj/
wikipedia.en:	http://identifiers.org/wikipedia.en/
probonto:	http://identifiers.org/probonto/
panther.pthcmp:	http://identifiers.org/panther.pthcmp/
gmd.profile:	http://identifiers.org/gmd.profile/
mobidb:	http://identifiers.org/mobidb/
pdb.ligand:	http://identifiers.org/pdb.ligand/
mmmp:biomaps:	http://identifiers.org/mmmp:biomaps/
euclinicaltrials:	http://identifiers.org/euclinicaltrials/
phosphopoint.kinase:	http://identifiers.org/phosphopoint.kinase/
biocarta.pathway:	http://identifiers.org/biocarta.pathway/
mdm:	http://identifiers.org/mdm/
vmhmetabolite:	http://identifiers.org/vmhmetabolite/
wikipathways:	http://identifiers.org/wikipathways/
psipar:	http://identifiers.org/psipar/
bgee.organ:	http://identifiers.org/bgee.organ/
hgnc.genefamily:	http://identifiers.org/hgnc.genefamily/
orcid:	http://identifiers.org/orcid/
neurovault.collection:	http://identifiers.org/neurovault.collection/
orphanet.ordo:	http://identifiers.org/orphanet.ordo/
macie:	http://identifiers.org/macie/
clinvar.record:	http://identifiers.org/clinvar.record/
sasbdb:	http://identifiers.org/sasbdb/
inchi:	http://identifiers.org/inchi/
biominder:	http://identifiers.org/biominder/
mirbase:	http://identifiers.org/mirbase/
mimodb:	http://identifiers.org/mimodb/
metabolights:	http://identifiers.org/metabolights/
glida.ligand:	http://identifiers.org/glida.ligand/
zfin:	http://zfin.org/
foodb.compound:	http://identifiers.org/foodb.compound/
intact.molecule:	http://identifiers.org/intact.molecule/
unipathway.reaction:	http://identifiers.org/unipathway.reaction/
sitex:	http://identifiers.org/sitex/
nbn:	http://identifiers.org/nbn/
glida.gpcr:	http://identifiers.org/glida.gpcr/
unii:	http://fdasis.nlm.nih.gov/srs/unii/
gmd.analyte:	http://identifiers.org/gmd.analyte/
gmd.ref:	http://identifiers.org/gmd.ref/
elm:	http://identifiers.org/elm/
merops.inhibitor:	http://identifiers.org/merops.inhibitor/
gmd.gcms:	http://identifiers.org/gmd.gcms/
neurovault.image:	http://identifiers.org/neurovault.image/
omia:	http://purl.obolibrary.org/obo/OMIA_
chembank:	http://identifiers.org/chembank/
biocatalogue.service:	http://identifiers.org/biocatalogue.service/
fb:	http://identifiers.org/fb/
kegg.genes:	http://identifiers.org/kegg.genes/
brenda:	http://identifiers.org/brenda/
prosite:	http://identifiers.org/prosite/
planttfdb:	http://identifiers.org/planttfdb/
pubchem.bioassay:	http://identifiers.org/pubchem.bioassay/
wormpep:	http://identifiers.org/wormpep/
pathwaycommons:	http://identifiers.org/pathwaycommons/
kegg:	http://identifiers.org/kegg/
pubchem.compound:	http://identifiers.org/pubchem.compound/
hovergen:	http://identifiers.org/hovergen/
storedb:	http://identifiers.org/storedb/
apid.interactions:	http://identifiers.org/apid.interactions/
pubchem.substance:	http://identifiers.org/pubchem.substance/
:	https://monarchinitiative.org/
apb:	http://pb.apf.edu.au/phenbank/strain.html?id=
apo:	http://purl.obolibrary.org/obo/APO_
aqtlpub:	https://www.animalgenome.org/cgi-bin/QTLdb/BT/qabstract?PUBMED_ID=
aqtltrait:	http://identifiers.org/animalqtltrait/
bfo:	http://purl.obolibrary.org/obo/BFO_
bnode:	https://monarchinitiative.org/.well-known/genid/
bt:	http://c.biothings.io/#
chebi:	http://purl.obolibrary.org/obo/CHEBI_
chr:	http://purl.obolibrary.org/obo/CHR_
cid:	http://pubchem.ncbi.nlm.nih.gov/compound/
cl:	http://purl.obolibrary.org/obo/CL_
clo:	http://purl.obolibrary.org/obo/CLO_
cmmr:	http://www.cmmr.ca/order.php?t=m&id=
cmo:	http://purl.obolibrary.org/obo/CMO_
clinvar:	http://www.ncbi.nlm.nih.gov/clinvar/
clinvarsubmitters:	http://www.ncbi.nlm.nih.gov/clinvar/submitters/
clinvarvariant:	http://www.ncbi.nlm.nih.gov/clinvar/variation/
coriell:	https://catalog.coriell.org/0/Sections/Search/Sample_Detail.aspx?Ref=
coriellcollection:	https://catalog.coriell.org/1/
coriellfamily:	https://catalog.coriell.org/0/Sections/BrowseCatalog/FamilyTypeSubDetail.aspx?fam=
coriellindividual:	https://catalog.coriell.org/Search?q=
data:	http://edamontology.org/data_
dc_cl:	http://purl.obolibrary.org/obo/DC_CL_
decipher:	http://purl.obolibrary.org/obo/DECIPHER_
doid:	http://purl.obolibrary.org/obo/DOID_
drugbank:	http://www.drugbank.ca/drugs/
ec:	http://www.enzyme-database.org/query.php?ec=
eco:	http://purl.obolibrary.org/obo/ECO_
emapa:	http://purl.obolibrary.org/obo/EMAPA_
emma:	https://www.infrafrontier.eu/search?keyword=EM:
envo:	http://purl.obolibrary.org/obo/ENVO_
eom:	http://purl.obolibrary.org/obo/EOM_
ero:	http://purl.obolibrary.org/obo/ERO_
ecogene:	http://ecogene.org/gene/
fbbt:	http://purl.obolibrary.org/obo/FBbt_
fbcv:	http://purl.obolibrary.org/obo/FBcv_
fbdv:	http://purl.obolibrary.org/obo/FBdv_
fdadrug:	http://www.fda.gov/Drugs/InformationOnDrugs/
flybase:	http://flybase.org/reports/
geno:	http://purl.obolibrary.org/obo/GENO_
ginas:	http://tripod.nih.gov/ginas/app/substance#
go:	http://purl.obolibrary.org/obo/GO_
go_ref:	http://www.geneontology.org/cgi-bin/references.cgi#GO_REF:
genbank:	http://www.ncbi.nlm.nih.gov/nuccore/
genereviews:	http://www.ncbi.nlm.nih.gov/books/
hp:	http://purl.obolibrary.org/obo/HP_
hpo:	http://human-phenotype-ontology.org/
iao:	http://purl.obolibrary.org/obo/IAO_
impc:	http://www.mousephenotype.org/data/genes/
impress-parameter:	https://www.mousephenotype.org/impress/parameterontologies/
impress-procedure:	https://www.mousephenotype.org/impress/procedures/
impress-protocol:	https://www.mousephenotype.org/impress/protocol/
isbn-10:	https://monarchinitiative.org/ISBN10_
isbn-13:	https://monarchinitiative.org/ISBN13_
j:	http://www.informatics.jax.org/reference/J:
jax:	http://jaxmice.jax.org/strain/
kegg-ds:	http://purl.obolibrary.org/KEGG-ds_
kegg-hsa:	http://www.kegg.jp/dbget-bin/www_bget?hsa:
kegg-ko:	http://www.kegg.jp/dbget-bin/www_bget?ko:
kegg-path:	http://www.kegg.jp/dbget-bin/www_bget?path:
lpt:	http://purl.obolibrary.org/obo/LPT_
ma:	http://purl.obolibrary.org/obo/MA_
monarch:	https://monarchinitiative.org/MONARCH_
mondo:	http://purl.obolibrary.org/obo/MONDO_
mp:	http://purl.obolibrary.org/obo/MP_
mpath:	http://purl.obolibrary.org/obo/MPATH_
mpd:	https://phenome.jax.org/
mpd-assay:	https://phenome.jax.org/db/qp?rtn=views/catlines&keymeas=
mpd-strain:	http://phenome.jax.org/db/q?rtn=strains/details&strainid=
mugen:	http://bioit.fleming.gr/mugen/Controller?workflow=ViewModel&expand_all=true&name_begins=model.block&eid=
medgen:	http://www.ncbi.nlm.nih.gov/medgen/
monarcharchive:	https://archive.monarchinitiative.org/201806/
monarchdata:	https://data.monarchinitiative.org/ttl/
nbo:	http://purl.obolibrary.org/obo/NBO_
ncbiassembly:	http://www.ncbi.nlm.nih.gov/assembly/
ncbigene:	http://www.ncbi.nlm.nih.gov/gene/
ncbigenome:	http://www.ncbi.nlm.nih.gov/genome/
ncbiprotein:	http://www.ncbi.nlm.nih.gov/protein/
ncbitaxon:	http://purl.obolibrary.org/obo/NCBITaxon_
ncimr:	https://mouse.ncifcrf.gov/available_details.asp?ID=
ncit:	http://purl.obolibrary.org/obo/NCIT_
oae:	http://purl.obolibrary.org/obo/OAE_
oba:	http://purl.obolibrary.org/obo/OBA_
oban:	http://purl.org/oban/
obi:	http://purl.obolibrary.org/obo/OBI_
obo:	http://purl.obolibrary.org/obo/
oio:	http://www.geneontology.org/formats/oboInOwl#
omia-breed:	https://monarchinitiative.org/model/OMIA-breed:
omim:	http://purl.obolibrary.org/obo/OMIM_
orphanet:	http://www.orpha.net/ORDO/Orphanet_
paint_ref:	http://www.geneontology.org/gene-associations/submission/paint/
panther:	http://www.pantherdb.org/panther/family.do?clsAccession=
pato:	http://purl.obolibrary.org/obo/PATO_
pco:	http://purl.obolibrary.org/obo/PCO_
pmcid:	http://www.ncbi.nlm.nih.gov/pmc/
pmid:	http://www.ncbi.nlm.nih.gov/pubmed/
pr:	http://purl.obolibrary.org/obo/PR_
pw:	http://purl.obolibrary.org/obo/PW_
pombase:	https://www.pombase.org/spombe/result/
rbrc:	http://www2.brc.riken.jp/lab/animal/detail.php?brc_no=RBRC
react:	http://www.reactome.org/PathwayBrowser/#/
rgdref:	http://rgd.mcw.edu/rgdweb/report/reference/main.html?id=
ro:	http://purl.obolibrary.org/obo/RO_
rxcui:	http://purl.bioontology.org/ontology/RXNORM/
refseq:	http://www.ncbi.nlm.nih.gov/refseq/?term=
sepio:	http://purl.obolibrary.org/obo/SEPIO_
sgd_ref:	https://www.yeastgenome.org/reference/
sio:	http://semanticscience.org/resource/SIO_
snomed:	http://purl.obolibrary.org/obo/SNOMED_
so:	http://purl.obolibrary.org/obo/SO_
stato:	http://purl.obolibrary.org/obo/STATO_
swissprot:	http://identifiers.org/SwissProt:
tair:	https://www.arabidopsis.org/servlets/TairObject?type=locus&id=
trembl:	http://purl.uniprot.org/uniprot/
uberon:	http://purl.obolibrary.org/obo/UBERON_
ucsc:	ftp://hgdownload.cse.ucsc.edu/goldenPath/
uo:	http://purl.obolibrary.org/obo/UO_
upheno:	http://purl.obolibrary.org/obo/UPHENO_
uniprotkb:	http://identifiers.org/uniprot/
vivo:	http://vivoweb.org/ontology/core#
vt:	http://purl.obolibrary.org/obo/VT_
wbphenotype:	http://purl.obolibrary.org/obo/WBPhenotype_
wbbt:	http://purl.obolibrary.org/obo/WBbt_
wd_entity:	https://www.wikidata.org/wiki/
wd_prop:	https://www.wikidata.org/wiki/Property:
wormbase:	https://www.wormbase.org/get?name=
xao:	http://purl.obolibrary.org/obo/XAO_
xco:	http://purl.obolibrary.org/obo/XCO_
xenbase:	http://www.xenbase.org/gene/showgene.do?method=display&geneId=
zfa:	http://purl.obolibrary.org/obo/ZFA_
zfs:	http://purl.obolibrary.org/obo/ZFS_
zp:	http://purl.obolibrary.org/obo/ZP_
catfishqtl:	https://www.animalgenome.org/cgi-bin/QTLdb/IP/qdetails?QTL_ID=
cattleqtl:	https://www.animalgenome.org/cgi-bin/QTLdb/BT/qdetails?QTL_D=
chickenqtl:	https://www.animalgenome.org/cgi-bin/QTLdb/GG/qdetails?QTL_ID=
dbsnp:	http://www.ncbi.nlm.nih.gov/projects/SNP/snp_ref.cgi?rs=
dbsnpindividual:	http://www.ncbi.nlm.nih.gov/SNP/snp_ind.cgi?ind_id=
dbvar:	http://www.ncbi.nlm.nih.gov/dbvar/
dctypes:	http://purl.org/dc/dcmitype/
dictybase:	http://dictybase.org/gene/
horseqtl:	https://www.animalgenome.org/cgi-bin/QTLdb/EC/qdetails?QTL_ID=
pav:	http://purl.org/pav/
pigqtl:	https://www.animalgenome.org/cgi-bin/QTLdb/SS/qdetails?QTL_ID=
rainbow_troutqtl:	https://www.animalgenome.org/cgi-bin/QTLdb/OM/qdetails?QTL_ID=
sheepqtl:	https://www.animalgenome.org/cgi-bin/QTLdb/OA/qdetails?QTL_ID=
skos:	http://www.w3.org/2004/02/skos/core#
xml:	http://www.w3.org/XML/1998/namespace
aao:	http://purl.obolibrary.org/obo/AAO_
adw:	http://purl.obolibrary.org/obo/ADW_
aeo:	http://purl.obolibrary.org/obo/AEO_
aero:	http://purl.obolibrary.org/obo/AERO_
agro:	http://purl.obolibrary.org/obo/AGRO_
aro:	http://purl.obolibrary.org/obo/ARO_
ato:	http://purl.obolibrary.org/obo/ATO_
bcgo:	http://purl.obolibrary.org/obo/BCGO_
bco:	http://purl.obolibrary.org/obo/BCO_
bila:	http://purl.obolibrary.org/obo/BILA_
bootstrep:	http://purl.obolibrary.org/obo/BOOTSTREP_
bspo:	http://purl.obolibrary.org/obo/BSPO_
bto:	http://purl.obolibrary.org/obo/BTO_
caro:	http://purl.obolibrary.org/obo/CARO_
cdao:	http://purl.obolibrary.org/obo/CDAO_
ceph:	http://purl.obolibrary.org/obo/CEPH_
cheminf:	http://purl.obolibrary.org/obo/CHEMINF_
chmo:	http://purl.obolibrary.org/obo/CHMO_
cio:	http://purl.obolibrary.org/obo/CIO_
cmf:	http://purl.obolibrary.org/obo/CMF_
cro:	http://purl.obolibrary.org/obo/CRO_
cteno:	http://purl.obolibrary.org/obo/CTENO_
cvdo:	http://purl.obolibrary.org/obo/CVDO_
ddanat:	http://purl.obolibrary.org/obo/DDANAT_
ddpheno:	http://purl.obolibrary.org/obo/DDPHENO_
dideo:	http://purl.obolibrary.org/obo/DIDEO_
dinto:	http://purl.obolibrary.org/obo/DINTO_
dron:	http://purl.obolibrary.org/obo/DRON_
duo:	http://purl.obolibrary.org/obo/DUO_
ecocore:	http://purl.obolibrary.org/obo/ECOCORE_
ehda:	http://purl.obolibrary.org/obo/EHDA_
ehdaa:	http://purl.obolibrary.org/obo/EHDAA_
ehdaa2:	http://purl.obolibrary.org/obo/EHDAA2_
emap:	http://purl.obolibrary.org/obo/EMAP_
eo:	http://purl.obolibrary.org/obo/EO_
epo:	http://purl.obolibrary.org/obo/EPO_
eupath:	http://purl.obolibrary.org/obo/EUPATH_
ev:	http://purl.obolibrary.org/obo/EV_
exo:	http://purl.obolibrary.org/obo/EXO_
fao:	http://purl.obolibrary.org/obo/FAO_
fbsp:	http://purl.obolibrary.org/obo/FBSP_
fbbi:	http://purl.obolibrary.org/obo/FBbi_
fix:	http://purl.obolibrary.org/obo/FIX_
flopo:	http://purl.obolibrary.org/obo/FLOPO_
flu:	http://purl.obolibrary.org/obo/FLU_
fma:	http://purl.obolibrary.org/obo/FMA_
foodon:	http://purl.obolibrary.org/obo/FOODON_
fypo:	http://purl.obolibrary.org/obo/FYPO_
gaz:	http://purl.obolibrary.org/obo/GAZ_
genepio:	http://purl.obolibrary.org/obo/GENEPIO_
geo:	http://purl.obolibrary.org/obo/GEO_
gro:	http://purl.obolibrary.org/obo/GRO_
habronattus:	http://purl.obolibrary.org/obo/HABRONATTUS_
hao:	http://purl.obolibrary.org/obo/HAO_
hom:	http://purl.obolibrary.org/obo/HOM_
hsapdv:	http://purl.obolibrary.org/obo/HSAPDV_
ico:	http://purl.obolibrary.org/obo/ICO_
ido:	http://purl.obolibrary.org/obo/IDO_
idomal:	http://purl.obolibrary.org/obo/IDOMAL_
iev:	http://purl.obolibrary.org/obo/IEV_
imr:	http://purl.obolibrary.org/obo/IMR_
ipr:	http://purl.obolibrary.org/obo/IPR_
kisao:	http://purl.obolibrary.org/obo/KISAO_
lipro:	http://purl.obolibrary.org/obo/LIPRO_
loggerhead:	http://purl.obolibrary.org/obo/LOGGERHEAD_
mamo:	http://purl.obolibrary.org/obo/MAMO_
mao:	http://purl.obolibrary.org/obo/MAO_
mat:	http://purl.obolibrary.org/obo/MAT_
mf:	http://purl.obolibrary.org/obo/MF_
mfmo:	http://purl.obolibrary.org/obo/MFMO_
mfo:	http://purl.obolibrary.org/obo/MFO_
mfoem:	http://purl.obolibrary.org/obo/MFOEM_
mfomd:	http://purl.obolibrary.org/obo/MFOMD_
mi:	http://purl.obolibrary.org/obo/MI_
miapa:	http://purl.obolibrary.org/obo/MIAPA_
micro:	http://purl.obolibrary.org/obo/MICRO_
mirnao:	http://purl.obolibrary.org/obo/MIRNAO_
miro:	http://purl.obolibrary.org/obo/MIRO_
mmo:	http://purl.obolibrary.org/obo/MMO_
mmusdv:	http://purl.obolibrary.org/obo/MMUSDV_
mo:	http://purl.obolibrary.org/obo/MO_
mod:	http://purl.obolibrary.org/obo/MOD_
mop:	http://purl.obolibrary.org/obo/MOP_
mpio:	http://purl.obolibrary.org/obo/MPIO_
mro:	http://purl.obolibrary.org/obo/MRO_
ms:	http://purl.obolibrary.org/obo/MS_
ncro:	http://purl.obolibrary.org/obo/NCRO_
nif_cell:	http://purl.obolibrary.org/obo/NIF_CELL_
nif_dysfunction:	http://purl.obolibrary.org/obo/NIF_DYSFUNCTION_
nif_grossanatomy:	http://purl.obolibrary.org/obo/NIF_GROSSANATOMY_
nmr:	http://purl.obolibrary.org/obo/NMR_
oarcs:	http://purl.obolibrary.org/obo/OARCS_
obcs:	http://purl.obolibrary.org/obo/OBCS_
obib:	http://purl.obolibrary.org/obo/OBIB_
obo_rel:	http://purl.obolibrary.org/obo/OBO_REL_
ogg:	http://purl.obolibrary.org/obo/OGG_
ogi:	http://purl.obolibrary.org/obo/OGI_
ogms:	http://purl.obolibrary.org/obo/OGMS_
ogsf:	http://purl.obolibrary.org/obo/OGSF_
ohd:	http://purl.obolibrary.org/obo/OHD_
ohmi:	http://purl.obolibrary.org/obo/OHMI_
olatdv:	http://purl.obolibrary.org/obo/OLATDV_
omiabis:	http://purl.obolibrary.org/obo/OMIABIS_
omit:	http://purl.obolibrary.org/obo/OMIT_
omp:	http://purl.obolibrary.org/obo/OMP_
omrse:	http://purl.obolibrary.org/obo/OMRSE_
ontoneo:	http://purl.obolibrary.org/obo/ONTONEO_
oostt:	http://purl.obolibrary.org/obo/OOSTT_
opl:	http://purl.obolibrary.org/obo/OPL_
ovae:	http://purl.obolibrary.org/obo/OVAE_
pao:	http://purl.obolibrary.org/obo/PAO_
pdro:	http://purl.obolibrary.org/obo/PDRO_
pdumdv:	http://purl.obolibrary.org/obo/PDUMDV_
pd_st:	http://purl.obolibrary.org/obo/PD_ST_
peco:	http://purl.obolibrary.org/obo/PECO_
pgdso:	http://purl.obolibrary.org/obo/PGDSO_
plana:	http://purl.obolibrary.org/obo/PLANA_
plo:	http://purl.obolibrary.org/obo/PLO_
po:	http://purl.obolibrary.org/obo/PO_
poro:	http://purl.obolibrary.org/obo/PORO_
ppo:	http://purl.obolibrary.org/obo/PPO_
propreo:	http://purl.obolibrary.org/obo/PROPREO_
resid:	http://purl.obolibrary.org/obo/RESID_
rex:	http://purl.obolibrary.org/obo/REX_
rnao:	http://purl.obolibrary.org/obo/RNAO_
rs:	http://purl.obolibrary.org/obo/RS_
rxno:	http://purl.obolibrary.org/obo/RXNO_
sao:	http://purl.obolibrary.org/obo/SAO_
sbo:	http://purl.obolibrary.org/obo/SBO_
sep:	http://purl.obolibrary.org/obo/SEP_
sibo:	http://purl.obolibrary.org/obo/SIBO_
sopharm:	http://purl.obolibrary.org/obo/SOPHARM_
spd:	http://purl.obolibrary.org/obo/SPD_
swo:	http://purl.obolibrary.org/obo/SWO_
symp:	http://purl.obolibrary.org/obo/SYMP_
tads:	http://purl.obolibrary.org/obo/TADS_
tahe:	http://purl.obolibrary.org/obo/TAHE_
tahh:	http://purl.obolibrary.org/obo/TAHH_
tao:	http://purl.obolibrary.org/obo/TAO_
taxrank:	http://purl.obolibrary.org/obo/TAXRANK_
tgma:	http://purl.obolibrary.org/obo/TGMA_
to:	http://purl.obolibrary.org/obo/TO_
trans:	http://purl.obolibrary.org/obo/TRANS_
tto:	http://purl.obolibrary.org/obo/TTO_
vario:	http://purl.obolibrary.org/obo/VARIO_
vhog:	http://purl.obolibrary.org/obo/VHOG_
vo:	http://purl.obolibrary.org/obo/VO_
vsao:	http://purl.obolibrary.org/obo/VSAO_
vto:	http://purl.obolibrary.org/obo/VTO_
wbbt:	http://purl.obolibrary.org/obo/WBBT_
wbls:	http://purl.obolibrary.org/obo/WBLS_
xl:	http://purl.obolibrary.org/obo/XL_
ypo:	http://purl.obolibrary.org/obo/YPO_
zea:	http://purl.obolibrary.org/obo/ZEA_
zeco:	http://purl.obolibrary.org/obo/ZECO_
